{"cameraMode":{"drawMode":0,"name":"Shaded","section":"Shading Mode"},"sceneLighting":true,"audioPlay":false,"sceneViewState":{"showFog":true,"showMaterialUpdate":false,"showSkybox":true,"showFlares":true,"showImageEffects":true,"showParticleSystems":true},"in2DMode":false,"pivot":{"x":1.3814191818237305,"y":3.1071507930755617,"z":-2.992861270904541},"rotation":{"x":-0.08294229954481125,"y":0.8197159767150879,"z":-0.12289051711559296,"w":-0.5532487630844116},"size":9.327502250671387,"orthographic":false}